time,current_A,temp_C,pressure,co2_shred,co2_heating,co2_mould,co2_total
167,0.374,31.44,61,-2.4E-07,0.00106,4E-07,0.00106
168,0.446,31.44,61,-2.4E-07,0.00105,4E-07,0.00105
169,0.374,31.44,61,-2.4E-07,0.00106,4E-07,0.00105
170,0.374,31.44,61,-2.4E-07,0.00106,4E-07,0.00104
171,0.374,31.44,61,-2.4E-07,0.00106,4E-07,0.00103
172,0.374,31.44,61,-2.4E-07,0.00106,4E-07,0.00106
1765695509,0.574,31.72,36,1.44e-07,0.001047,5.74e-07,0.001048
